term	df	SumOfSqs	R2	statistic	permanova_p.value	betadisper_p.value
genotype	1	0.6490472503809879	0.14720466181501352	11.20828299833205	9.99000999000999e-4	0.617
age.fct	2	1.233045028198955	0.2796560285436313	10.646619038619873	9.99000999000999e-4	0.001
Residual	46	2.663759785684253	0.604143778712431	NA	NA	NA
Total	49	4.409148748268725	1	NA	NA	NA
